{
    "validation": {
        "avg_mae": 4.263882568047732,
        "avg_rmse": 10.14999079023832,
        "avg_mape": 108.30726244811619,
        "avg_tfe": 0.321805870977878
    },
    "future_predictions": {
        "mae_nov_dec_2019": 4.263882568047733,
        "rmse_nov_dec_2019": 11.96770717352959,
        "mape_nov_dec_2019": 108.30726244811618,
        "tfe_nov_dec_2019": 0.3137701243338753
    },
    "seq_length": 12,
    "epochs": 150,
    "batch_size": 64,
    "learning_rate": 0.0001,
    "patience": 10,
    "verbose": 0,
    "seed": 11,
    "standard_scaler": 0,
    "future_predicion": true
}