{
    "validation": {
        "avg_mae": 3.5597903034055385,
        "avg_rmse": 8.442991307705267,
        "avg_mape": 119.7250444369057,
        "avg_tfe": 0.28294043646443445
    },
    "future_predictions": {
        "mae_nov_dec_2019": 3.5597903034055385,
        "rmse_nov_dec_2019": 9.602975012000401,
        "mape_nov_dec_2019": 119.72504443690568,
        "tfe_nov_dec_2019": 0.25992604856098583
    },
    "seq_length": 6,
    "epochs": 20,
    "batch_size": 32,
    "learning_rate": 0.0001,
    "patience": 10,
    "verbose": 0,
    "seed": 52,
    "standard_scaler": 0
}