{
    "validation": {
        "avg_mae": 3.4172845118796347,
        "avg_rmse": 8.574514920911529,
        "avg_mape": 117.57031867172937,
        "avg_tfe": 0.2721762551798569
    },
    "future_predictions": {
        "mae_nov_dec_2019": 3.417284511879634,
        "rmse_nov_dec_2019": 9.801511550207307,
        "mape_nov_dec_2019": 117.57031867172935,
        "tfe_nov_dec_2019": 0.24595514244595182
    },
    "seq_length": 3,
    "epochs": 100,
    "batch_size": 16,
    "learning_rate": 0.0001,
    "patience": 10,
    "verbose": 0,
    "seed": 11,
    "standard_scaler": 0,
    "future_predicion": true
}