{
    "validation": {
        "avg_mae": 4.584419750933946,
        "avg_rmse": 10.313314788409103,
        "avg_mape": 169.65815452789462,
        "avg_tfe": 0.40731596049106145
    },
    "future_predictions": {
        "mae_nov_dec_2019": 4.584419750933946,
        "rmse_nov_dec_2019": 11.782050922760005,
        "mape_nov_dec_2019": 169.65815452789462,
        "tfe_nov_dec_2019": 0.34037703736731567
    },
    "seq_length": 12,
    "epochs": 20,
    "batch_size": 32,
    "learning_rate": 0.0001,
    "patience": 10,
    "verbose": 0,
    "seed": 52,
    "standard_scaler": 1,
    "future_predicion": false
}