{
    "validation": {
        "avg_mae": 3.8268290367856586,
        "avg_rmse": 9.529309587993518,
        "avg_mape": 154.69638718553145,
        "avg_tfe": 0.31682778408909157
    },
    "future_predictions": {
        "mae_nov_dec_2019": 3.8268290367856586,
        "rmse_nov_dec_2019": 11.22099266582515,
        "mape_nov_dec_2019": 154.69638718553142,
        "tfe_nov_dec_2019": 0.2762652644187128
    },
    "seq_length": 3,
    "epochs": 16,
    "batch_size": 8,
    "learning_rate": 0.0001,
    "patience": 20,
    "verbose": 0,
    "seed": 52,
    "standard_scaler": 0,
    "future_predicion": true
}