{
    "validation": {
        "avg_mae": 3.431186110827432,
        "avg_rmse": 8.212832420473648,
        "avg_mape": 115.70397920742592,
        "avg_tfe": 0.2781235435958601
    },
    "future_predictions": {
        "mae_nov_dec_2019": 3.431186110827432,
        "rmse_nov_dec_2019": 9.282261525338932,
        "mape_nov_dec_2019": 115.70397920742595,
        "tfe_nov_dec_2019": 0.25076834735535974
    },
    "seq_length": 6,
    "epochs": 100,
    "batch_size": 32,
    "learning_rate": 0.0001,
    "patience": 10,
    "verbose": 0,
    "seed": 52,
    "standard_scaler": 0,
    "future_predicion": false
}