{
    "validation": {
        "avg_mae": 3.4911654498348894,
        "avg_rmse": 9.121925256258153,
        "avg_mape": 101.2204032277545,
        "avg_tfe": 0.27931847239308416
    },
    "future_predictions": {
        "mae_nov_dec_2019": 3.4911654498348894,
        "rmse_nov_dec_2019": 10.677110676893069,
        "mape_nov_dec_2019": 101.2204032277545,
        "tfe_nov_dec_2019": 0.25683495422644653
    },
    "seq_length": 12,
    "epochs": 150,
    "batch_size": 32,
    "learning_rate": 0.0001,
    "patience": 10,
    "verbose": 0,
    "seed": 52,
    "standard_scaler": 0
}