{
    "validation": {
        "avg_mae": 4.603359988088053,
        "avg_rmse": 9.996729983227684,
        "avg_mape": 303.69922879992566,
        "avg_tfe": 0.45774311690615044
    },
    "future_predictions": {
        "mae_nov_dec_2019": 4.6033599880880525,
        "rmse_nov_dec_2019": 11.128258216286305,
        "mape_nov_dec_2019": 303.69922879992566,
        "tfe_nov_dec_2019": 0.33508335979337994
    },
    "seq_length": 6,
    "epochs": 100,
    "batch_size": 64,
    "learning_rate": 0.0001,
    "patience": 10,
    "verbose": 0,
    "seed": 52,
    "standard_scaler": 1
}