{
    "validation": {
        "avg_mae": 4.6315843278595485,
        "avg_rmse": 11.144032149398324,
        "avg_mape": 169.5031723362272,
        "avg_tfe": 0.39954439910918604
    },
    "future_predictions": {
        "mae_nov_dec_2019": 4.6315843278595485,
        "rmse_nov_dec_2019": 13.226947664300445,
        "mape_nov_dec_2019": 169.50317233622724,
        "tfe_nov_dec_2019": 0.3421122711709854
    },
    "seq_length": 12,
    "epochs": 150,
    "batch_size": 64,
    "learning_rate": 0.0001,
    "patience": 20,
    "verbose": 0,
    "seed": 52,
    "standard_scaler": 1,
    "future_predicion": true
}