{
    "validation": {
        "avg_mae": 3.614057287513752,
        "avg_rmse": 9.549460863549745,
        "avg_mape": 112.77443269313433,
        "avg_tfe": 0.28378080736720446
    },
    "future_predictions": {
        "mae_nov_dec_2019": 3.6140572875137527,
        "rmse_nov_dec_2019": 11.208010472693461,
        "mape_nov_dec_2019": 112.77443269313432,
        "tfe_nov_dec_2019": 0.26009155335461587
    },
    "seq_length": 3,
    "epochs": 50,
    "batch_size": 32,
    "learning_rate": 0.0001,
    "patience": 10,
    "verbose": 0,
    "seed": 52,
    "standard_scaler": 0,
    "future_predicion": true
}