{
    "validation": {
        "avg_mae": 3.7721959197634574,
        "avg_rmse": 8.320988902020623,
        "avg_mape": 123.84917743191902,
        "avg_tfe": 0.2952127627412646
    },
    "future_predictions": {
        "mae_nov_dec_2019": 3.7721959197634574,
        "rmse_nov_dec_2019": 9.399422548984528,
        "mape_nov_dec_2019": 123.84917743191906,
        "tfe_nov_dec_2019": 0.2760412053631152
    },
    "seq_length": 6,
    "epochs": 20,
    "batch_size": 64,
    "learning_rate": 0.0001,
    "patience": 10,
    "verbose": 0,
    "seed": 52,
    "standard_scaler": 0
}