{
    "validation": {
        "avg_mae": 3.5211528993734014,
        "avg_rmse": 8.370970852287494,
        "avg_mape": 114.02599060975199,
        "avg_tfe": 0.28453196618941556
    },
    "future_predictions": {
        "mae_nov_dec_2019": 3.5211528993734014,
        "rmse_nov_dec_2019": 9.453942734621434,
        "mape_nov_dec_2019": 114.025990609752,
        "tfe_nov_dec_2019": 0.25669593582367667
    },
    "seq_length": 6,
    "epochs": 50,
    "batch_size": 64,
    "learning_rate": 0.0001,
    "patience": 10,
    "verbose": 0,
    "seed": 52,
    "standard_scaler": 0,
    "future_predicion": false
}