{
    "validation": {
        "avg_mae": 3.791919592208388,
        "avg_rmse": 9.428664695334788,
        "avg_mape": 140.81943290750397,
        "avg_tfe": 0.3028880209412072
    },
    "future_predictions": {
        "mae_nov_dec_2019": 3.791919592208387,
        "rmse_nov_dec_2019": 11.079709058111897,
        "mape_nov_dec_2019": 140.81943290750397,
        "tfe_nov_dec_2019": 0.2750593066582671
    },
    "seq_length": 6,
    "epochs": 32,
    "batch_size": 8,
    "learning_rate": 0.0001,
    "patience": 20,
    "verbose": 0,
    "seed": 52,
    "standard_scaler": 0,
    "future_predicion": true
}