{
    "validation": {
        "avg_mae": 3.9156614242367502,
        "avg_rmse": 9.935681599346035,
        "avg_mape": 104.88471627415615,
        "avg_tfe": 0.29883902648852023
    },
    "future_predictions": {
        "mae_nov_dec_2019": 3.9156614242367502,
        "rmse_nov_dec_2019": 11.664003298640889,
        "mape_nov_dec_2019": 104.88471627415619,
        "tfe_nov_dec_2019": 0.2885592180038407
    },
    "seq_length": 12,
    "epochs": 150,
    "batch_size": 64,
    "learning_rate": 0.0001,
    "patience": 20,
    "verbose": 0,
    "seed": 11,
    "standard_scaler": 0,
    "future_predicion": true
}