{
    "validation": {
        "avg_mae": 3.3560019574540236,
        "avg_rmse": 8.477226898301,
        "avg_mape": 116.75552508605674,
        "avg_tfe": 0.2719248532374308
    },
    "future_predictions": {
        "mae_nov_dec_2019": 3.356001957454024,
        "rmse_nov_dec_2019": 9.707132113625258,
        "mape_nov_dec_2019": 116.75552508605674,
        "tfe_nov_dec_2019": 0.24448286620185294
    },
    "seq_length": 6,
    "epochs": 50,
    "batch_size": 32,
    "learning_rate": 0.0001,
    "patience": 10,
    "verbose": 0,
    "seed": 52,
    "standard_scaler": 0,
    "future_predicion": true
}