{
    "validation": {
        "avg_mae": 3.570851380602492,
        "avg_rmse": 9.124355666400485,
        "avg_mape": 117.32246935301471,
        "avg_tfe": 0.286467127765207
    },
    "future_predictions": {
        "mae_nov_dec_2019": 3.5708513806024924,
        "rmse_nov_dec_2019": 10.649811387230349,
        "mape_nov_dec_2019": 117.32246935301471,
        "tfe_nov_dec_2019": 0.26021600697326164
    },
    "seq_length": 6,
    "epochs": 20,
    "batch_size": 16,
    "learning_rate": 0.0001,
    "patience": 10,
    "verbose": 0,
    "seed": 11,
    "standard_scaler": 0,
    "future_predicion": true
}