{
    "validation": {
        "avg_mae": 9.38761706411712,
        "avg_rmse": 14.10288198206781,
        "avg_mape": 1028.530155789592,
        "avg_tfe": 0.9794053430714451
    },
    "future_predictions": {
        "mae_nov_dec_2019": 9.387617064117121,
        "rmse_nov_dec_2019": 16.2095027822904,
        "mape_nov_dec_2019": 1028.530155789592,
        "tfe_nov_dec_2019": 0.6763718697451878
    },
    "seq_length": 3,
    "epochs": 20,
    "batch_size": 64,
    "learning_rate": 0.0001,
    "patience": 10,
    "verbose": 0,
    "seed": 52,
    "standard_scaler": 1
}