{
    "validation": {
        "avg_mae": 3.4500169025911376,
        "avg_rmse": 8.648046016337531,
        "avg_mape": 130.80200238680266,
        "avg_tfe": 0.28217712851082916
    },
    "future_predictions": {
        "mae_nov_dec_2019": 3.4500169025911385,
        "rmse_nov_dec_2019": 9.964925301821077,
        "mape_nov_dec_2019": 130.80200238680266,
        "tfe_nov_dec_2019": 0.2510666845208851
    },
    "seq_length": 6,
    "epochs": 100,
    "batch_size": 32,
    "learning_rate": 0.0001,
    "patience": 10,
    "verbose": 0,
    "seed": 11,
    "standard_scaler": 0,
    "future_predicion": true
}