{
    "validation": {
        "avg_mae": 3.679448550621738,
        "avg_rmse": 8.71495746280716,
        "avg_mape": 103.49873325996421,
        "avg_tfe": 0.2904126386348792
    },
    "future_predictions": {
        "mae_nov_dec_2019": 3.6794485506217383,
        "rmse_nov_dec_2019": 9.946835805945215,
        "mape_nov_dec_2019": 103.49873325996421,
        "tfe_nov_dec_2019": 0.2710513792226581
    },
    "seq_length": 12,
    "epochs": 150,
    "batch_size": 64,
    "learning_rate": 0.0001,
    "patience": 10,
    "verbose": 0,
    "seed": 52,
    "standard_scaler": 0
}