{
    "validation": {
        "avg_mae": 3.3751652627837565,
        "avg_rmse": 7.8565393032563176,
        "avg_mape": 113.79631274045092,
        "avg_tfe": 0.26889440930094605
    },
    "future_predictions": {
        "mae_nov_dec_2019": 3.375165262783756,
        "rmse_nov_dec_2019": 8.919617036226542,
        "mape_nov_dec_2019": 113.7963127404509,
        "tfe_nov_dec_2019": 0.24350301780926797
    },
    "seq_length": 3,
    "epochs": 100,
    "batch_size": 16,
    "learning_rate": 0.0001,
    "patience": 10,
    "verbose": 0,
    "seed": 52,
    "standard_scaler": 0,
    "future_predicion": false
}