{
    "validation": {
        "avg_mae": 6.349970954718261,
        "avg_rmse": 13.19085874595785,
        "avg_mape": 299.83950980336056,
        "avg_tfe": 0.5414868379825357
    },
    "future_predictions": {
        "mae_nov_dec_2019": 6.349970954718262,
        "rmse_nov_dec_2019": 15.999675315970523,
        "mape_nov_dec_2019": 299.83950980336056,
        "tfe_nov_dec_2019": 0.45601649998079935
    },
    "seq_length": 3,
    "epochs": 50,
    "batch_size": 32,
    "learning_rate": 0.0001,
    "patience": 10,
    "verbose": 0,
    "seed": 14,
    "standard_scaler": 1,
    "future_predicion": false
}