{
    "validation": {
        "avg_mae": 3.600493348319624,
        "avg_rmse": 8.21507159686401,
        "avg_mape": 124.23512587615994,
        "avg_tfe": 0.28816088644147714
    },
    "future_predictions": {
        "mae_nov_dec_2019": 3.600493348319624,
        "rmse_nov_dec_2019": 9.386812262610805,
        "mape_nov_dec_2019": 124.23512587615994,
        "tfe_nov_dec_2019": 0.262554203470082
    },
    "seq_length": 6,
    "epochs": 20,
    "batch_size": 32,
    "learning_rate": 0.0001,
    "patience": 10,
    "verbose": 0,
    "seed": 14,
    "standard_scaler": 0,
    "future_predicion": false
}