{
    "validation": {
        "avg_mae": 3.672164290961824,
        "avg_rmse": 9.298060225256723,
        "avg_mape": 127.11356512960644,
        "avg_tfe": 0.2931351281369681
    },
    "future_predictions": {
        "mae_nov_dec_2019": 3.672164290961825,
        "rmse_nov_dec_2019": 10.871181719752991,
        "mape_nov_dec_2019": 127.11356512960646,
        "tfe_nov_dec_2019": 0.2665929562094425
    },
    "seq_length": 6,
    "epochs": 64,
    "batch_size": 8,
    "learning_rate": 0.0001,
    "patience": 20,
    "verbose": 0,
    "seed": 52,
    "standard_scaler": 0,
    "future_predicion": true
}