{
    "validation": {
        "avg_mae": 3.375827423167008,
        "avg_rmse": 8.466572115642593,
        "avg_mape": 112.3387699013944,
        "avg_tfe": 0.26992950696408013
    },
    "future_predictions": {
        "mae_nov_dec_2019": 3.375827423167008,
        "rmse_nov_dec_2019": 9.666222451717887,
        "mape_nov_dec_2019": 112.33876990139437,
        "tfe_nov_dec_2019": 0.24284836292416825
    },
    "seq_length": 3,
    "epochs": 150,
    "batch_size": 8,
    "learning_rate": 0.0001,
    "patience": 20,
    "verbose": 0,
    "seed": 52,
    "standard_scaler": 0,
    "future_predicion": true
}