{
    "validation": {
        "avg_mae": 3.598415521767413,
        "avg_rmse": 9.029495255821866,
        "avg_mape": 115.0428310943006,
        "avg_tfe": 0.288017450846149
    },
    "future_predictions": {
        "mae_nov_dec_2019": 3.598415521767412,
        "rmse_nov_dec_2019": 10.52949623395645,
        "mape_nov_dec_2019": 115.04283109430055,
        "tfe_nov_dec_2019": 0.2660450134441857
    },
    "seq_length": 12,
    "epochs": 50,
    "batch_size": 64,
    "learning_rate": 0.0001,
    "patience": 10,
    "verbose": 0,
    "seed": 52,
    "standard_scaler": 0,
    "future_predicion": false
}