{
    "validation": {
        "avg_mae": 3.5863555427522575,
        "avg_rmse": 9.158481891781705,
        "avg_mape": 117.01412899465046,
        "avg_tfe": 0.28051946089971413
    },
    "future_predictions": {
        "mae_nov_dec_2019": 3.5863555427522575,
        "rmse_nov_dec_2019": 10.587061637545848,
        "mape_nov_dec_2019": 117.01412899465046,
        "tfe_nov_dec_2019": 0.25757437393442606
    },
    "seq_length": 3,
    "epochs": 100,
    "batch_size": 64,
    "learning_rate": 0.0001,
    "patience": 10,
    "verbose": 0,
    "seed": 12,
    "standard_scaler": 0,
    "future_predicion": true
}