{
    "validation": {
        "avg_mae": 3.6645463813403962,
        "avg_rmse": 9.317079067180499,
        "avg_mape": 106.91959848431904,
        "avg_tfe": 0.286133700403453
    },
    "future_predictions": {
        "mae_nov_dec_2019": 3.6645463813403962,
        "rmse_nov_dec_2019": 10.845151296565708,
        "mape_nov_dec_2019": 106.91959848431904,
        "tfe_nov_dec_2019": 0.2639938708517641
    },
    "seq_length": 3,
    "epochs": 20,
    "batch_size": 16,
    "learning_rate": 0.0001,
    "patience": 10,
    "verbose": 0,
    "seed": 11,
    "standard_scaler": 0,
    "future_predicion": true
}