{
    "validation": {
        "avg_mae": 3.799858419859852,
        "avg_rmse": 9.530529158870218,
        "avg_mape": 110.9883995758892,
        "avg_tfe": 0.2996233682894618
    },
    "future_predictions": {
        "mae_nov_dec_2019": 3.7998584198598517,
        "rmse_nov_dec_2019": 11.156696166880641,
        "mape_nov_dec_2019": 110.98839957588922,
        "tfe_nov_dec_2019": 0.2779147838587933
    },
    "seq_length": 9,
    "epochs": 150,
    "batch_size": 64,
    "learning_rate": 0.0001,
    "patience": 20,
    "verbose": 0,
    "seed": 52,
    "standard_scaler": 0,
    "future_predicion": true
}