{
    "validation": {
        "avg_mae": 3.5962947308152335,
        "avg_rmse": 9.070240697835908,
        "avg_mape": 142.51387255872262,
        "avg_tfe": 0.2910873421019301
    },
    "future_predictions": {
        "mae_nov_dec_2019": 3.5962947308152344,
        "rmse_nov_dec_2019": 10.565934038492985,
        "mape_nov_dec_2019": 142.51387255872257,
        "tfe_nov_dec_2019": 0.26093285758522355
    },
    "seq_length": 6,
    "epochs": 150,
    "batch_size": 8,
    "learning_rate": 0.0001,
    "patience": 20,
    "verbose": 0,
    "seed": 52,
    "standard_scaler": 0,
    "future_predicion": true
}