{
    "validation": {
        "avg_mae": 4.387869021776668,
        "avg_rmse": 9.670827662171687,
        "avg_mape": 150.75587414469766,
        "avg_tfe": 0.3950324079378395
    },
    "future_predictions": {
        "mae_nov_dec_2019": 4.387869021776669,
        "rmse_nov_dec_2019": 10.869078432662418,
        "mape_nov_dec_2019": 150.75587414469766,
        "tfe_nov_dec_2019": 0.3245120287259851
    },
    "seq_length": 12,
    "epochs": 100,
    "batch_size": 32,
    "learning_rate": 0.0001,
    "patience": 10,
    "verbose": 0,
    "seed": 52,
    "standard_scaler": 1,
    "future_predicion": false
}