{
    "validation": {
        "avg_mae": 3.523509651565848,
        "avg_rmse": 8.900396168186713,
        "avg_mape": 104.27227516171732,
        "avg_tfe": 0.28066687995713824
    },
    "future_predictions": {
        "mae_nov_dec_2019": 3.523509651565848,
        "rmse_nov_dec_2019": 10.374228709379178,
        "mape_nov_dec_2019": 104.2722751617173,
        "tfe_nov_dec_2019": 0.2594823523136804
    },
    "seq_length": 12,
    "epochs": 20,
    "batch_size": 32,
    "learning_rate": 0.0001,
    "patience": 10,
    "verbose": 0,
    "seed": 52,
    "standard_scaler": 0
}