{
    "validation": {
        "avg_mae": 6.329704036121945,
        "avg_rmse": 12.55439551191962,
        "avg_mape": 321.6123927306156,
        "avg_tfe": 0.5395086132742792
    },
    "future_predictions": {
        "mae_nov_dec_2019": 6.329704036121945,
        "rmse_nov_dec_2019": 14.744378973175639,
        "mape_nov_dec_2019": 321.6123927306156,
        "tfe_nov_dec_2019": 0.4552676921832807
    },
    "seq_length": 3,
    "epochs": 20,
    "batch_size": 64,
    "learning_rate": 0.0001,
    "patience": 10,
    "verbose": 0,
    "seed": 14,
    "standard_scaler": 1,
    "future_predicion": false
}