{
    "validation": {
        "avg_mae": 4.35384565452693,
        "avg_rmse": 10.653645000263406,
        "avg_mape": 157.63699173423976,
        "avg_tfe": 0.38256401328100087
    },
    "future_predictions": {
        "mae_nov_dec_2019": 4.353845654526929,
        "rmse_nov_dec_2019": 12.531243316866128,
        "mape_nov_dec_2019": 157.63699173423976,
        "tfe_nov_dec_2019": 0.3207912364753614
    },
    "seq_length": 12,
    "epochs": 150,
    "batch_size": 64,
    "learning_rate": 0.0001,
    "patience": 10,
    "verbose": 0,
    "seed": 52,
    "standard_scaler": 1,
    "future_predicion": true
}