{
    "validation": {
        "avg_mae": 4.3465672104920685,
        "avg_rmse": 10.054500096895266,
        "avg_mape": 136.90616035366062,
        "avg_tfe": 0.36164196285779554
    },
    "future_predictions": {
        "mae_nov_dec_2019": 4.3465672104920685,
        "rmse_nov_dec_2019": 11.649927780077538,
        "mape_nov_dec_2019": 136.90616035366062,
        "tfe_nov_dec_2019": 0.320693990972995
    },
    "seq_length": 12,
    "epochs": 150,
    "batch_size": 32,
    "learning_rate": 0.0001,
    "patience": 10,
    "verbose": 0,
    "seed": 52,
    "standard_scaler": 1
}