{
    "validation": {
        "avg_mae": 4.3751335809333,
        "avg_rmse": 10.529316256944847,
        "avg_mape": 158.74727758611374,
        "avg_tfe": 0.3876042783016202
    },
    "future_predictions": {
        "mae_nov_dec_2019": 4.3751335809333,
        "rmse_nov_dec_2019": 12.36025191839851,
        "mape_nov_dec_2019": 158.74727758611377,
        "tfe_nov_dec_2019": 0.32189843948235153
    },
    "seq_length": 12,
    "epochs": 150,
    "batch_size": 64,
    "learning_rate": 0.0001,
    "patience": 10,
    "verbose": 0,
    "seed": 11,
    "standard_scaler": 1,
    "future_predicion": true
}