{
    "validation": {
        "avg_mae": 3.4805100396001576,
        "avg_rmse": 8.988515005830214,
        "avg_mape": 120.88138210818481,
        "avg_tfe": 0.27973776642918935
    },
    "future_predictions": {
        "mae_nov_dec_2019": 3.4805100396001576,
        "rmse_nov_dec_2019": 10.39185991766741,
        "mape_nov_dec_2019": 120.8813821081848,
        "tfe_nov_dec_2019": 0.25244048795059865
    },
    "seq_length": 6,
    "epochs": 100,
    "batch_size": 32,
    "learning_rate": 0.0001,
    "patience": 10,
    "verbose": 0,
    "seed": 52,
    "standard_scaler": 0,
    "future_predicion": true
}