{
    "validation": {
        "avg_mae": 3.354298201682579,
        "avg_rmse": 7.9129034789961805,
        "avg_mape": 115.37432461773827,
        "avg_tfe": 0.2698356681089217
    },
    "future_predictions": {
        "mae_nov_dec_2019": 3.354298201682579,
        "rmse_nov_dec_2019": 8.921426074070949,
        "mape_nov_dec_2019": 115.3743246177383,
        "tfe_nov_dec_2019": 0.24324026568110868
    },
    "seq_length": 3,
    "epochs": 20,
    "batch_size": 32,
    "learning_rate": 0.0001,
    "patience": 10,
    "verbose": 0,
    "seed": 52,
    "standard_scaler": 0,
    "future_predicion": false
}