{
    "validation": {
        "avg_mae": 4.7272003088481815,
        "avg_rmse": 10.304652088423413,
        "avg_mape": 184.1173642149668,
        "avg_tfe": 0.422254574385249
    },
    "future_predictions": {
        "mae_nov_dec_2019": 4.7272003088481815,
        "rmse_nov_dec_2019": 11.73156890105939,
        "mape_nov_dec_2019": 184.11736421496684,
        "tfe_nov_dec_2019": 0.3502563993337944
    },
    "seq_length": 12,
    "epochs": 100,
    "batch_size": 16,
    "learning_rate": 0.0001,
    "patience": 10,
    "verbose": 0,
    "seed": 52,
    "standard_scaler": 1,
    "future_predicion": false
}