{
    "validation": {
        "avg_mae": 3.900025573922761,
        "avg_rmse": 9.732615218408043,
        "avg_mape": 108.65930936066324,
        "avg_tfe": 0.3001896105352571
    },
    "future_predictions": {
        "mae_nov_dec_2019": 3.900025573922761,
        "rmse_nov_dec_2019": 11.284599146526215,
        "mape_nov_dec_2019": 108.65930936066323,
        "tfe_nov_dec_2019": 0.2848550001417847
    },
    "seq_length": 9,
    "epochs": 100,
    "batch_size": 64,
    "learning_rate": 0.0001,
    "patience": 10,
    "verbose": 0,
    "seed": 12,
    "standard_scaler": 0,
    "future_predicion": true
}