{
    "validation": {
        "avg_mae": 4.56012592335121,
        "avg_rmse": 10.936130229736367,
        "avg_mape": 159.47100106773948,
        "avg_tfe": 0.389974521532125
    },
    "future_predictions": {
        "mae_nov_dec_2019": 4.56012592335121,
        "rmse_nov_dec_2019": 13.012856452174477,
        "mape_nov_dec_2019": 159.47100106773948,
        "tfe_nov_dec_2019": 0.3372583924743456
    },
    "seq_length": 12,
    "epochs": 150,
    "batch_size": 16,
    "learning_rate": 0.0001,
    "patience": 10,
    "verbose": 0,
    "seed": 52,
    "standard_scaler": 1
}