{
    "validation": {
        "avg_mae": 3.3830796718067617,
        "avg_rmse": 8.522407781417588,
        "avg_mape": 115.52431517001943,
        "avg_tfe": 0.2683853938525555
    },
    "future_predictions": {
        "mae_nov_dec_2019": 3.3830796718067617,
        "rmse_nov_dec_2019": 9.733265694718334,
        "mape_nov_dec_2019": 115.52431517001945,
        "tfe_nov_dec_2019": 0.24211324327786585
    },
    "seq_length": 3,
    "epochs": 50,
    "batch_size": 32,
    "learning_rate": 0.0001,
    "patience": 10,
    "verbose": 0,
    "seed": 12,
    "standard_scaler": 0,
    "future_predicion": true
}