{
    "validation": {
        "avg_mae": 3.5194159089749,
        "avg_rmse": 8.752295128778913,
        "avg_mape": 104.16906497951831,
        "avg_tfe": 0.2820358911978794
    },
    "future_predictions": {
        "mae_nov_dec_2019": 3.5194159089748998,
        "rmse_nov_dec_2019": 10.134206509341965,
        "mape_nov_dec_2019": 104.16906497951832,
        "tfe_nov_dec_2019": 0.2581719763009259
    },
    "seq_length": 12,
    "epochs": 100,
    "batch_size": 32,
    "learning_rate": 0.0001,
    "patience": 10,
    "verbose": 0,
    "seed": 52,
    "standard_scaler": 0,
    "future_predicion": false
}