{
    "validation": {
        "avg_mae": 4.742004423852039,
        "avg_rmse": 10.534215069457982,
        "avg_mape": 182.10022283804136,
        "avg_tfe": 0.4074523387882018
    },
    "future_predictions": {
        "mae_nov_dec_2019": 4.742004423852039,
        "rmse_nov_dec_2019": 12.04808851826066,
        "mape_nov_dec_2019": 182.10022283804136,
        "tfe_nov_dec_2019": 0.35058716165408726
    },
    "seq_length": 12,
    "epochs": 20,
    "batch_size": 64,
    "learning_rate": 0.0001,
    "patience": 10,
    "verbose": 0,
    "seed": 52,
    "standard_scaler": 1,
    "future_predicion": false
}