{
    "validation": {
        "avg_mae": 3.6797286467555765,
        "avg_rmse": 9.524822495017489,
        "avg_mape": 110.3776013120917,
        "avg_tfe": 0.28779178156977536
    },
    "future_predictions": {
        "mae_nov_dec_2019": 3.6797286467555774,
        "rmse_nov_dec_2019": 11.106029097193005,
        "mape_nov_dec_2019": 110.37760131209171,
        "tfe_nov_dec_2019": 0.2638986771460743
    },
    "seq_length": 3,
    "epochs": 50,
    "batch_size": 32,
    "learning_rate": 0.0001,
    "patience": 10,
    "verbose": 0,
    "seed": 11,
    "standard_scaler": 0,
    "future_predicion": true
}