{
    "validation": {
        "avg_mae": 4.557100484697848,
        "avg_rmse": 9.474332417397711,
        "avg_mape": 326.9481141783725,
        "avg_tfe": 0.4724507547478094
    },
    "future_predictions": {
        "mae_nov_dec_2019": 4.557100484697848,
        "rmse_nov_dec_2019": 10.421083627669633,
        "mape_nov_dec_2019": 326.9481141783726,
        "tfe_nov_dec_2019": 0.3306481987010678
    },
    "seq_length": 6,
    "epochs": 20,
    "batch_size": 64,
    "learning_rate": 0.0001,
    "patience": 10,
    "verbose": 0,
    "seed": 52,
    "standard_scaler": 1
}