{
    "validation": {
        "avg_mae": 4.040948264204401,
        "avg_rmse": 9.198695558131675,
        "avg_mape": 123.38147792645498,
        "avg_tfe": 0.29913919236975395
    },
    "future_predictions": {
        "mae_nov_dec_2019": 4.040948264204401,
        "rmse_nov_dec_2019": 10.466085104523728,
        "mape_nov_dec_2019": 123.38147792645498,
        "tfe_nov_dec_2019": 0.2914098272187702
    },
    "seq_length": 3,
    "epochs": 50,
    "batch_size": 64,
    "learning_rate": 0.0001,
    "patience": 10,
    "verbose": 0,
    "seed": 52,
    "standard_scaler": 0
}