{
    "validation": {
        "avg_mae": 4.465555423637859,
        "avg_rmse": 10.298177833655474,
        "avg_mape": 169.7629338358675,
        "avg_tfe": 0.3832588335918223
    },
    "future_predictions": {
        "mae_nov_dec_2019": 4.46555542363786,
        "rmse_nov_dec_2019": 11.908955386281741,
        "mape_nov_dec_2019": 169.76293383586753,
        "tfe_nov_dec_2019": 0.32992974208465303
    },
    "seq_length": 12,
    "epochs": 50,
    "batch_size": 64,
    "learning_rate": 0.0001,
    "patience": 10,
    "verbose": 0,
    "seed": 52,
    "standard_scaler": 1,
    "future_predicion": false
}