{
    "validation": {
        "avg_mae": 3.5851050125630524,
        "avg_rmse": 8.28581023126402,
        "avg_mape": 116.22345076273288,
        "avg_tfe": 0.2906585047079822
    },
    "future_predictions": {
        "mae_nov_dec_2019": 3.5851050125630524,
        "rmse_nov_dec_2019": 9.289233332175405,
        "mape_nov_dec_2019": 116.22345076273288,
        "tfe_nov_dec_2019": 0.26112737617765897
    },
    "seq_length": 6,
    "epochs": 50,
    "batch_size": 64,
    "learning_rate": 0.0001,
    "patience": 10,
    "verbose": 0,
    "seed": 14,
    "standard_scaler": 0,
    "future_predicion": false
}