{
    "validation": {
        "avg_mae": 3.3908105881520703,
        "avg_rmse": 8.12891562456919,
        "avg_mape": 117.37111393615525,
        "avg_tfe": 0.26834855120526263
    },
    "future_predictions": {
        "mae_nov_dec_2019": 3.39081058815207,
        "rmse_nov_dec_2019": 9.177955697855628,
        "mape_nov_dec_2019": 117.37111393615524,
        "tfe_nov_dec_2019": 0.2443576911263631
    },
    "seq_length": 3,
    "epochs": 100,
    "batch_size": 32,
    "learning_rate": 0.0001,
    "patience": 10,
    "verbose": 0,
    "seed": 52,
    "standard_scaler": 0,
    "future_predicion": false
}