{
    "validation": {
        "avg_mae": 3.42142174973982,
        "avg_rmse": 8.23956541784322,
        "avg_mape": 102.22668983291246,
        "avg_tfe": 0.27434549092374266
    },
    "future_predictions": {
        "mae_nov_dec_2019": 3.42142174973982,
        "rmse_nov_dec_2019": 9.5513630706473,
        "mape_nov_dec_2019": 102.22668983291246,
        "tfe_nov_dec_2019": 0.25255868832251543
    },
    "seq_length": 12,
    "epochs": 20,
    "batch_size": 16,
    "learning_rate": 0.0001,
    "patience": 10,
    "verbose": 0,
    "seed": 52,
    "standard_scaler": 0,
    "future_predicion": false
}