{
    "validation": {
        "avg_mae": 4.671625868023944,
        "avg_rmse": 9.86307935585267,
        "avg_mape": 171.36497495473427,
        "avg_tfe": 0.429826875843217
    },
    "future_predictions": {
        "mae_nov_dec_2019": 4.671625868023944,
        "rmse_nov_dec_2019": 10.959131327575985,
        "mape_nov_dec_2019": 171.36497495473427,
        "tfe_nov_dec_2019": 0.3460352794390043
    },
    "seq_length": 12,
    "epochs": 50,
    "batch_size": 16,
    "learning_rate": 0.0001,
    "patience": 10,
    "verbose": 0,
    "seed": 52,
    "standard_scaler": 1,
    "future_predicion": false
}