product_id,average_tn
20001,1200.0261018181818
20002,1000.3372136363637
20003,1000.0318581818182
20004,587.4443281818182
20005,638.4053181818182
20006,474.09438181818183
20007,433.1186209090909
20008,419.25511181818183
20009,539.9744745454545
20010,427.8250136363636
20011,373.4491090909091
20012,336.7679227272727
