product_id,tn
20001,1200.0
20002,1005.6901305420978
20003,959.6632080265279
20004,605.8352194615305
20005,651.7342398284012
20006,461.1036044652835
20007,429.4000268131885
20008,401.87563868258275
20009,540.0253859427818
20010,414.16259431925704
20011,359.3705390157356
20012,337.43632350288925
