product_id,tn
20001,1200.0
20002,981.0127034321205
20003,1013.8395744694859
20004,588.6439924037757
20005,648.6736713684501
20006,473.2537197293406
20007,429.4186178502606
20008,423.1768703608823
20009,541.7436023634349
20010,433.30652950317045
20011,364.02562500383004
20012,333.492921153538
