product_id,tn
20001,1200.0
20002,987.1111588599102
20003,973.6001382475635
20004,579.8273421218802
20005,609.6645246788294
20006,480.12216705819765
20007,435.0996696774672
20008,405.083674115833
20009,529.5896679651231
20010,410.75291594537805
20011,380.3601855439011
20012,336.053229343584
