product_id,tn
20001,1200.0
20002,975.8051840866377
20003,1011.161988553654
20004,560.890382866973
20005,663.228834290794
20006,478.2038367569221
20007,427.7604125653698
20008,409.4986079098019
20009,532.9852157427107
20010,410.3184263250555
20011,355.93255974905423
20012,333.0807677358025
