product_id,tn
20001,1200.0
20002,1044.0421573225813
20003,992.8253305290107
20004,596.0307667830496
20005,666.37468925535
20006,492.01880414950375
20007,448.5242085736591
20008,438.2977602362304
20009,556.0854768396706
20010,444.6503946965349
20011,364.16742840645657
20012,329.92758003074266
