product_id,tn
20001,1200.0
20002,976.5467391328208
20003,973.0511369079169
20004,592.7412182609339
20005,632.6069716302702
20006,471.0862382609344
20007,430.2484742199465
20008,414.15282366569016
20009,533.957467842029
20010,428.53347129839216
20011,373.90722198404603
20012,346.1881901380283
