product_id,tn
20001,1200.0
20002,999.5583257331599
20003,1015.269758540156
20004,588.8536426093161
20005,631.1047827628333
20006,477.35032066408525
20007,420.7446122773682
20008,414.13972868476094
20009,534.3213629815222
20010,427.1837367007606
20011,384.42368913437804
20012,333.86949199327915
