product_id,tn
20001,1200.0
20002,1018.9044626607084
20003,1015.9894948594055
20004,577.6116890519794
20005,623.2144949549806
20006,462.13085127810024
20007,440.2643207913227
20008,412.60129184320795
20009,543.0947199924879
20010,417.81112657504593
20011,379.5657173067171
20012,330.9266014065557
