product_id,tn
20001,1200.0
20002,1006.9293006015679
20003,1023.3884069703033
20004,580.0437053720959
20005,654.5817573394875
20006,487.90151093609313
20007,441.83864105460617
20008,425.72676358997944
20009,535.7679685331544
20010,422.75561902891934
20011,369.56453683044504
20012,335.14894259314207
