product_id,tn
20001,1200.0
20002,976.5203997114637
20003,994.4955931083325
20004,614.4973938119331
20005,645.7145137832198
20006,468.53638486092734
20007,419.5346475113152
20008,439.8545389066047
20009,528.9564092614334
20010,412.7963900832679
20011,381.15639271817344
20012,346.04236106479635
