product_id,tn
20001,1200.0
20002,1005.2623282800855
20003,1005.4687555568657
20004,611.1533935170548
20005,616.6936849377252
20006,474.9115853698003
20007,425.6961111859223
20008,418.54639447856493
20009,559.803617063362
20010,414.4658302132038
20011,362.1887531292815
20012,350.8956632863172
