product_id,tn
20001,1200.0
20002,1016.1545721663398
20003,1022.8175107244247
20004,579.9902660865129
20005,644.8905045023758
20006,485.12609019392227
20007,423.6411799945725
20008,424.37837962664537
20009,538.3057313319918
20010,429.03402472697053
20011,381.26918938706814
20012,340.0202316864444
