product_id,tn
20001,1200.0
20002,1021.2614189612848
20003,954.6187251199148
20004,589.1400956137542
20005,620.4059102754809
20006,469.73845484317593
20007,424.6567224754562
20008,437.1128500911511
20009,538.9383406313293
20010,425.5639786354649
20011,359.0465030215523
20012,332.23974730383566
