product_id,tn
20001,1200.0
20002,1012.5086189142517
20003,989.4222091055124
20004,571.4450749542768
20005,620.8438929566805
20006,460.4640278497735
20007,421.8564701530477
20008,425.0269717666096
20009,531.967783585057
20010,439.1459052480179
20011,371.50001477488325
20012,329.08755652469176
