product_id,tn
20001,1200.0
20002,1022.3249491330216
20003,1029.8758268462145
20004,593.102354196643
20005,647.4625073123516
20006,481.5410532575835
20007,421.0588083230919
20008,418.5072799882834
20009,545.1676952690146
20010,425.15294015852413
20011,381.5841652893536
20012,332.99008962804
