product_id,tn
20001,1200.0
20002,961.417730558647
20003,965.5740120454666
20004,569.105798102563
20005,629.7242702423155
20006,458.3774594657987
20007,421.285629324107
20008,420.93581976323804
20009,526.1332209352245
20010,420.47358747775957
20011,358.0658570467304
20012,345.5213160142714
