product_id,tn
20001,1200.0
20002,955.8174612556608
20003,1040.4076028340842
20004,606.3502235229987
20005,637.4911435910058
20006,456.6554887088098
20007,426.17990858708737
20008,435.24102678129265
20009,541.0949689416971
20010,435.6959410323776
20011,388.3658962266587
20012,346.6126169696531
