product_id,tn
20001,1200.0
20002,1032.118579937032
20003,990.4810098359771
20004,569.545984094976
20005,670.2084439823631
20006,493.8346032243734
20007,422.49807006664764
20008,404.1087971133502
20009,519.1021421627395
20010,410.37882498788827
20011,367.9585635693806
20012,335.3717039146187
