product_id,tn
20001,1200.0
20002,998.2891874624981
20003,991.9979068294165
20004,593.2324418829496
20005,648.5947965382655
20006,469.3450245497916
20007,442.91439651727086
20008,427.76277309952854
20009,540.44535764223
20010,431.00663029076065
20011,379.6141371888824
20012,344.9867966000095
