product_id,tn
20001,1200.0
20002,995.3006045421131
20003,1011.8495678491936
20004,578.3515624310373
20005,640.1400821494572
20006,460.84798430566474
20007,426.00177251499315
20008,427.4126481999971
20009,549.3009709270169
20010,433.2320022982424
20011,374.76518682520157
20012,340.46303480106025
